t_rel,shard,replica,name,reachable,index_recall,e2e_recall,completeness,n_local,n_intended,shard_agreement,loo_agreement,n_confirmed_settled,probe_s,score_s
19.994,0,0,shard-0-0,1,0.998000,1.000000,1.000000,2095,1837,1.0,1.0,3579,0.296,0.055
19.994,0,1,shard-0-1,1,0.998000,1.000000,1.000000,2095,1837,1.0,1.0,3579,0.296,0.106
19.994,0,2,shard-0-2,1,0.998000,1.000000,1.000000,2095,1837,1.0,1.0,3579,0.296,0.159
19.994,1,0,shard-1-0,1,0.997000,1.000000,1.000000,2017,1742,1.0,1.0,3579,0.296,0.208
19.994,1,1,shard-1-1,1,0.997000,1.000000,1.000000,2017,1742,1.0,1.0,3579,0.296,0.256
19.994,1,2,shard-1-2,1,0.997000,1.000000,1.000000,2017,1742,1.0,1.0,3579,0.296,0.302
25.593,0,0,shard-0-0,1,0.996000,1.000000,1.000000,2942,2643,0.999333,0.999,4918,0.268,0.074
25.593,0,1,shard-0-1,1,0.995000,1.000000,1.000000,2942,2643,0.999333,0.9995,4918,0.268,0.144
25.593,0,2,shard-0-2,1,0.995000,1.000000,1.000000,2942,2643,0.999333,0.9995,4918,0.268,0.212
25.593,1,0,shard-1-0,1,0.998000,1.000000,1.000000,2401,2275,0.910667,0.866,4918,0.268,0.27
25.593,1,1,shard-1-1,1,0.882000,1.000000,1.000000,2766,2275,0.910667,0.933,4918,0.268,0.331
25.593,1,2,shard-1-2,1,0.882000,1.000000,1.000000,2766,2275,0.910667,0.933,4918,0.268,0.387
31.25,0,0,shard-0-0,1,0.998000,1.000000,1.000000,3680,3397,1.0,1.0,6266,0.238,0.095
31.25,0,1,shard-0-1,1,0.998000,1.000000,1.000000,3680,3397,1.0,1.0,6266,0.238,0.182
31.25,0,2,shard-0-2,1,0.998000,1.000000,1.000000,3680,3397,1.0,1.0,6266,0.238,0.267
31.25,1,0,shard-1-0,1,1.000000,0.986000,0.981875,3008,2869,0.925333,0.888,6266,0.238,0.351
31.25,1,1,shard-1-1,1,0.902000,0.999000,1.000000,3373,2869,0.925333,0.944,6266,0.238,0.439
31.25,1,2,shard-1-2,1,0.902000,0.999000,1.000000,3373,2869,0.925333,0.944,6266,0.238,0.514
37.004,0,0,shard-0-0,1,0.993000,1.000000,1.000000,4543,4246,1.0,,7635,0.387,0.113
37.004,0,1,shard-0-1,0,,,,,4246,1.0,,7635,,
37.004,0,2,shard-0-2,1,0.993000,1.000000,1.000000,4546,4246,1.0,,7635,0.387,0.223
37.004,1,0,shard-1-0,1,0.990000,0.985000,0.984656,3517,3389,0.934667,0.902,7635,0.387,0.313
37.004,1,1,shard-1-1,1,0.906000,0.999000,1.000000,3882,3389,0.934667,0.951,7635,0.387,0.399
37.004,1,2,shard-1-2,1,0.906000,0.999000,1.000000,3882,3389,0.934667,0.951,7635,0.387,0.488
42.879,0,0,shard-0-0,1,0.997000,1.000000,1.000000,5424,5128,0.858,,9036,0.245,0.146
42.879,0,1,shard-0-1,1,0.995000,0.844000,0.844189,4625,5128,0.858,,9036,0.245,0.271
42.879,0,2,shard-0-2,0,,,,,5128,0.858,,9036,,
42.879,1,0,shard-1-0,1,0.998000,0.989000,0.986694,4039,3908,0.938667,0.908,9036,0.245,0.39
42.879,1,1,shard-1-1,1,0.917000,1.000000,1.000000,4404,3908,0.938667,0.954,9036,0.245,0.486
42.879,1,2,shard-1-2,1,0.917000,1.000000,1.000000,4404,3908,0.938667,0.954,9036,0.245,0.591
48.717,0,0,shard-0-0,1,0.998000,0.999000,1.000000,6253,5959,0.933,,10399,0.222,0.231
48.717,0,1,shard-0-1,0,,,,,5959,0.933,,10399,,
48.717,0,2,shard-0-2,1,0.999000,0.928000,0.941433,5904,5959,0.933,,10399,0.222,0.421
48.717,1,0,shard-1-0,1,0.999000,0.989000,0.988288,4576,4440,0.946667,0.92,10399,0.222,0.589
48.717,1,1,shard-1-1,1,0.931000,1.000000,1.000000,4941,4440,0.946667,0.96,10399,0.222,0.724
48.717,1,2,shard-1-2,1,0.931000,1.000000,1.000000,4941,4440,0.946667,0.96,10399,0.222,0.836
54.779,0,0,shard-0-0,1,0.999000,1.000000,1.000000,7152,6860,0.838667,0.87,11857,0.286,0.198
54.779,0,1,shard-0-1,1,0.999000,0.810000,0.789213,5574,6860,0.838667,0.789,11857,0.286,0.362
54.779,0,2,shard-0-2,1,0.999000,0.935000,0.949125,6803,6860,0.838667,0.857,11857,0.286,0.546
54.779,1,0,shard-1-0,1,0.996000,0.989000,0.989594,5154,4997,0.953333,0.9305,11857,0.286,0.69
54.779,1,1,shard-1-1,1,0.938000,1.000000,1.000000,5519,4997,0.953333,0.9645,11857,0.286,0.82
54.779,1,2,shard-1-2,1,0.937000,1.000000,1.000000,5520,4997,0.953333,0.965,11857,0.286,0.946
61.015,0,0,shard-0-0,1,0.997000,1.000000,1.000000,8006,7728,0.857667,0.8855,13303,0.282,0.212
61.015,0,1,shard-0-1,1,0.996000,0.817000,0.795807,6428,7728,0.857667,0.814,13303,0.282,0.394
61.015,0,2,shard-0-2,1,0.997000,0.944000,0.954840,7657,7728,0.857667,0.8735,13303,0.282,0.606
61.015,1,0,shard-1-0,1,0.998000,0.925000,0.938834,5258,5575,0.904,0.856,13303,0.282,0.751
61.015,1,1,shard-1-1,1,0.947000,0.999000,1.000000,6093,5575,0.904,0.928,13303,0.282,0.891
61.015,1,2,shard-1-2,1,0.947000,0.999000,1.000000,6093,5575,0.904,0.928,13303,0.282,1.046
67.348,0,0,shard-0-0,0,,,,,8571,0.803,,14745,,
67.348,0,1,shard-0-1,1,0.981000,0.831000,0.815891,7261,8571,0.803,,14745,0.266,0.219
67.348,0,2,shard-0-2,1,0.981000,0.933000,0.943180,8352,8571,0.803,,14745,0.266,0.458
67.348,1,0,shard-1-0,1,0.997000,0.903000,0.915452,5859,6174,0.908667,0.863,14745,0.266,0.615
67.348,1,1,shard-1-1,1,0.949000,1.000000,1.000000,6694,6174,0.908667,0.9315,14745,0.266,0.771
67.348,1,2,shard-1-2,1,0.949000,1.000000,1.000000,6694,6174,0.908667,0.9315,14745,0.266,0.931
73.551,0,0,shard-0-0,1,0.999000,0.965000,0.962250,8871,9033,0.838667,0.846,15924,0.297,0.282
73.551,0,1,shard-0-1,1,0.954000,0.842000,0.825307,8122,9033,0.838667,0.818,15924,0.297,0.52
73.551,0,2,shard-0-2,1,0.955000,0.936000,0.946087,9213,9033,0.838667,0.852,15924,0.297,0.755
73.551,1,0,shard-1-0,1,0.998000,0.913000,0.924249,6642,6891,0.914667,0.872,15924,0.297,0.938
73.551,1,1,shard-1-1,1,0.954000,1.000000,1.000000,7477,6891,0.914667,0.936,15924,0.297,1.154
73.551,1,2,shard-1-2,1,0.954000,1.000000,1.000000,7477,6891,0.914667,0.936,15924,0.297,1.339
80.192,0,0,shard-0-0,1,0.999000,0.955000,0.951512,9474,9755,0.882,,17390,0.25,0.388
80.192,0,1,shard-0-1,0,,,,,9755,0.882,,17390,,
80.192,0,2,shard-0-2,1,0.956000,0.942000,0.950077,9850,9755,0.882,,17390,0.25,0.85
80.192,1,0,shard-1-0,1,0.999000,0.916000,0.931631,7285,7635,0.916667,0.875,17390,0.25,1.166
80.192,1,1,shard-1-1,1,0.955000,1.000000,1.000000,8120,7635,0.916667,0.9375,17390,0.25,1.387
80.192,1,2,shard-1-2,1,0.955000,1.000000,1.000000,8120,7635,0.916667,0.9375,17390,0.25,1.596
87.051,0,0,shard-0-0,1,0.997000,0.957000,0.954392,10055,10371,0.829333,0.841,18575,0.82,0.392
87.051,0,1,shard-0-1,1,0.957000,0.822000,0.803491,8880,10371,0.829333,0.801,18575,0.82,0.693
87.051,0,2,shard-0-2,1,0.958000,0.945000,0.953042,10431,10371,0.829333,0.846,18575,0.82,1.066
87.051,1,0,shard-1-0,1,0.994000,0.917000,0.936373,7870,8204,0.877,,18575,0.82,1.404
87.051,1,1,shard-1-1,0,,,,,8204,0.877,,18575,,
87.051,1,2,shard-1-2,1,0.951000,1.000000,1.000000,8705,8204,0.877,,18575,0.82,1.747
94.633,0,0,shard-0-0,0,,,,,11103,0.816,,19840,,
94.633,0,1,shard-0-1,1,0.960000,0.831000,0.816446,9691,11103,0.816,,19840,0.312,0.608
94.633,0,2,shard-0-2,1,0.961000,0.948000,0.956138,11242,11103,0.816,,19840,0.312,0.953
94.633,1,0,shard-1-0,1,0.976000,0.920000,0.940254,8602,8737,0.9,0.872,19840,0.312,1.262
94.633,1,1,shard-1-1,1,0.953000,0.973000,0.968067,8998,8737,0.9,0.9095,19840,0.312,1.598
94.633,1,2,shard-1-2,1,0.936000,0.998000,1.000000,9435,8737,0.9,0.9185,19840,0.312,2.113
102.07,0,0,shard-0-0,1,0.999000,0.910000,0.914411,11035,11894,0.821333,0.8205,21385,0.48,0.527
102.07,0,1,shard-0-1,1,0.962000,0.840000,0.828653,10404,11894,0.821333,0.8045,21385,0.48,0.865
102.07,0,2,shard-0-2,1,0.968000,0.952000,0.959055,11956,11894,0.821333,0.839,21385,0.48,1.215
102.07,1,0,shard-1-0,1,0.980000,0.923000,0.945001,9302,9491,0.91,0.8845,21385,0.48,1.497
102.07,1,1,shard-1-1,1,0.961000,0.976000,0.970604,9699,9491,0.91,0.919,21385,0.48,1.771
102.07,1,2,shard-1-2,1,0.947000,0.999000,1.000000,10137,9491,0.91,0.9265,21385,0.48,2.088
109.647,0,0,shard-0-0,0,,,,,12519,0.831,,22640,,
109.647,0,1,shard-0-1,1,0.967000,0.846000,0.837207,11059,12519,0.831,,22640,0.298,0.33
109.647,0,2,shard-0-2,1,0.971000,0.956000,0.961099,12611,12519,0.831,,22640,0.298,0.705
109.647,1,0,shard-1-0,1,0.982000,0.927000,0.948424,9964,10121,0.909667,0.8875,22640,0.298,1.009
109.647,1,1,shard-1-1,1,0.967000,0.968000,0.964035,10275,10121,0.909667,0.914,22640,0.298,1.291
109.647,1,2,shard-1-2,1,0.954000,1.000000,1.000000,10797,10121,0.909667,0.9275,22640,0.298,1.573
116.525,0,0,shard-0-0,1,0.998000,0.889000,0.884936,11882,13210,0.827333,0.82,23980,0.5,0.586
116.525,0,1,shard-0-1,1,0.969000,0.853000,0.845723,11760,13210,0.827333,0.819,23980,0.5,1.026
116.525,0,2,shard-0-2,1,0.973000,0.958000,0.963134,13311,13210,0.827333,0.843,23980,0.5,1.391
116.525,1,0,shard-1-0,1,0.982000,0.931000,0.951532,10607,10770,0.914667,0.8935,23980,0.5,1.678
116.525,1,1,shard-1-1,1,0.970000,0.972000,0.966202,10918,10770,0.914667,0.92,23980,0.5,1.957
116.525,1,2,shard-1-2,1,0.955000,1.000000,1.000000,11440,10770,0.914667,0.9305,23980,0.5,2.315
124.35,0,0,shard-0-0,1,0.999000,0.892000,0.890609,12702,13950,0.834333,0.8265,25171,0.372,0.443
124.35,0,1,shard-0-1,1,0.970000,0.862000,0.853907,12580,13950,0.834333,0.8255,25171,0.372,0.837
124.35,0,2,shard-0-2,1,0.975000,0.960000,0.965090,14131,13950,0.834333,0.851,25171,0.372,1.283
124.35,1,0,shard-1-0,1,0.958000,0.932000,0.953480,11409,11221,0.898333,0.889,25171,0.372,1.612
124.35,1,1,shard-1-1,1,0.950000,0.973000,0.967561,11720,11221,0.898333,0.905,25171,0.372,1.923
124.35,1,2,shard-1-2,1,0.957000,0.986000,0.988058,11647,11221,0.898333,0.901,25171,0.372,2.446
132.178,0,0,shard-0-0,1,0.974000,0.894000,0.895444,13687,14595,0.823,0.8195,26787,0.365,0.626
132.178,0,1,shard-0-1,1,0.948000,0.868000,0.860363,13565,14595,0.823,0.8195,26787,0.365,1.062
132.178,0,2,shard-0-2,1,0.976000,0.945000,0.949572,14458,14595,0.823,0.83,26787,0.365,1.495
132.178,1,0,shard-1-0,1,0.956000,0.937000,0.957185,12383,12192,0.906333,0.898,26787,0.365,1.85
132.178,1,1,shard-1-1,1,0.946000,0.975000,0.970144,12694,12192,0.906333,0.912,26787,0.365,2.182
132.178,1,2,shard-1-2,1,0.958000,0.965000,0.974081,12620,12192,0.906333,0.909,26787,0.365,2.553
140.105,0,0,shard-0-0,1,0.975000,0.898000,0.901147,14458,15437,0.827,0.824,28470,0.338,0.431
140.105,0,1,shard-0-1,1,0.951000,0.871000,0.867980,14336,15437,0.827,0.8225,28470,0.338,0.829
140.105,0,2,shard-0-2,1,0.978000,0.946000,0.948306,15230,15437,0.827,0.8345,28470,0.338,1.24
140.105,1,0,shard-1-0,1,0.964000,0.943000,0.959948,13143,13033,0.910667,0.903,28470,0.338,1.636
140.105,1,1,shard-1-1,1,0.958000,0.976000,0.972071,13454,13033,0.910667,0.9165,28470,0.338,1.994
140.105,1,2,shard-1-2,1,0.967000,0.968000,0.975754,13380,13033,0.910667,0.9125,28470,0.338,2.375
147.831,0,0,shard-0-0,1,0.971000,0.902000,0.905558,15173,16158,0.832667,0.831,29896,0.377,0.454
147.831,0,1,shard-0-1,1,0.948000,0.875000,0.873871,15052,16158,0.832667,0.8275,29896,0.377,0.92
147.831,0,2,shard-0-2,1,0.975000,0.949000,0.950613,15945,16158,0.832667,0.8395,29896,0.377,1.454
147.831,1,0,shard-1-0,1,0.963000,0.914000,0.927428,13330,13738,0.898,0.8825,29896,0.377,1.855
147.831,1,1,shard-1-1,1,0.957000,0.976000,0.973504,14131,13738,0.898,0.9075,29896,0.377,2.29
147.831,1,2,shard-1-2,1,0.967000,0.968000,0.976998,14057,13738,0.898,0.904,29896,0.377,2.763
155.979,0,0,shard-0-0,1,0.973000,0.905000,0.909372,15770,16838,0.830333,0.8305,31199,0.469,0.554
155.979,0,1,shard-0-1,1,0.951000,0.880000,0.878964,15648,16838,0.830333,0.8265,31199,0.469,1.319
155.979,0,2,shard-0-2,1,0.976000,0.939000,0.940373,16337,16838,0.830333,0.834,31199,0.469,2.427
155.979,1,0,shard-1-0,1,0.966000,0.916000,0.929531,13896,14361,0.900667,0.884,31199,0.469,3.125
155.979,1,1,shard-1-1,1,0.963000,0.977000,0.974654,14697,14361,0.900667,0.9105,31199,0.469,3.562
155.979,1,2,shard-1-2,1,0.969000,0.968000,0.977996,14623,14361,0.900667,0.9075,31199,0.469,4.009
165.464,0,0,shard-0-0,0,,,,,17152,0.839,,31944,,
165.464,0,1,shard-0-1,1,0.944000,0.881000,0.881180,16276,17152,0.839,,31944,0.332,0.553
165.464,0,2,shard-0-2,1,0.971000,0.941000,0.941465,16963,17152,0.839,,31944,0.332,1.424
165.464,1,0,shard-1-0,1,0.966000,0.917000,0.931585,14494,14792,0.905,0.889,31944,0.332,1.917
165.464,1,1,shard-1-1,1,0.963000,0.978000,0.975392,15295,14792,0.905,0.914,31944,0.332,2.336
165.464,1,2,shard-1-2,1,0.971000,0.970000,0.978637,15221,14792,0.905,0.912,31944,0.332,2.778
173.587,0,0,shard-0-0,1,0.975000,0.893000,0.898370,16847,18095,0.831333,0.8235,33843,0.362,0.57
173.587,0,1,shard-0-1,1,0.947000,0.884000,0.887372,17182,18095,0.831333,0.8315,33843,0.362,1.119
173.587,0,2,shard-0-2,1,0.972000,0.943000,0.944515,17871,18095,0.831333,0.839,33843,0.362,1.711
173.587,1,0,shard-1-0,1,0.970000,0.922000,0.935738,15417,15748,0.908667,0.8935,33843,0.362,2.167
173.587,1,1,shard-1-1,1,0.966000,0.980000,0.976886,16218,15748,0.908667,0.9165,33843,0.362,2.617
173.587,1,2,shard-1-2,1,0.973000,0.972000,0.979934,16144,15748,0.908667,0.916,33843,0.362,3.387
182.354,0,0,shard-0-0,1,0.973000,0.898000,0.903601,17786,19077,0.836667,0.829,35685,0.356,0.739
182.354,0,1,shard-0-1,1,0.947000,0.887000,0.893170,18121,19077,0.836667,0.836,35685,0.356,1.265
182.354,0,2,shard-0-2,1,0.970000,0.946000,0.947371,18808,19077,0.836667,0.845,35685,0.356,1.829
182.354,1,0,shard-1-0,1,0.972000,0.924000,0.939066,16230,16608,0.913,0.898,35685,0.356,2.32
182.354,1,1,shard-1-1,1,0.968000,0.980000,0.978083,17031,16608,0.913,0.92,35685,0.356,2.802
182.354,1,2,shard-1-2,1,0.976000,0.977000,0.980973,16957,16608,0.913,0.921,35685,0.356,3.232
190.952,0,0,shard-0-0,1,0.976000,0.899000,0.906626,18313,19695,0.845667,0.8385,36852,0.292,0.57
190.952,0,1,shard-0-1,1,0.954000,0.896000,0.896522,18648,19695,0.845667,0.8455,36852,0.292,1.205
190.952,0,2,shard-0-2,1,0.974000,0.949000,0.949023,19335,19695,0.845667,0.853,36852,0.292,1.926
190.952,1,0,shard-1-0,1,0.970000,0.925000,0.941015,16682,17157,0.902,,36852,0.292,2.483
190.952,1,1,shard-1-1,1,0.968000,0.981000,0.978784,17483,17157,0.902,,36852,0.292,3.061
190.952,1,2,shard-1-2,0,,,,,17157,0.902,,36852,,
199.316,0,0,shard-0-0,1,0.979000,0.903000,0.908471,18691,20092,0.850333,0.843,37600,0.53,0.665
199.316,0,1,shard-0-1,1,0.956000,0.899000,0.898567,19026,20092,0.850333,0.8505,37600,0.53,1.273
199.316,0,2,shard-0-2,1,0.978000,0.951000,0.950030,19713,20092,0.850333,0.8575,37600,0.53,1.877
199.316,1,0,shard-1-0,0,,,,,17508,0.932,,37600,,
199.316,1,1,shard-1-1,1,0.967000,0.981000,0.979210,17827,17508,0.932,,37600,0.53,2.43
199.316,1,2,shard-1-2,1,0.977000,0.964000,0.968072,17571,17508,0.932,,37600,0.53,3.206
208.082,0,0,shard-0-0,1,0.980000,0.905000,0.910446,19206,20535,0.855333,0.849,38501,0.426,1.417
208.082,0,1,shard-0-1,1,0.955000,0.903000,0.900755,19541,20535,0.855333,0.854,38501,0.426,2.093
208.082,0,2,shard-0-2,1,0.979000,0.952000,0.951108,20228,20535,0.855333,0.863,38501,0.426,2.689
208.082,1,0,shard-1-0,1,0.973000,0.928000,0.941389,17491,17966,0.910333,0.8985,38501,0.426,3.287
208.082,1,1,shard-1-1,1,0.968000,0.981000,0.979740,18329,17966,0.910333,0.9185,38501,0.426,3.849
208.082,1,2,shard-1-2,1,0.978000,0.964000,0.968886,18073,17966,0.910333,0.914,38501,0.426,5.703
219.26,0,0,shard-0-0,0,,,,,21231,0.872,,39861,,
219.26,0,1,shard-0-1,1,0.956000,0.905000,0.904008,20205,21231,0.872,,39861,0.368,0.732
219.26,0,2,shard-0-2,1,0.979000,0.953000,0.952711,20894,21231,0.872,,39861,0.368,1.497
219.26,1,0,shard-1-0,1,0.974000,0.929000,0.943478,18158,18630,0.911667,0.9,39861,0.368,2.444
219.26,1,1,shard-1-1,1,0.969000,0.981000,0.980462,18996,18630,0.911667,0.9195,39861,0.368,2.972
219.26,1,2,shard-1-2,1,0.978000,0.964000,0.969995,18740,18630,0.911667,0.9155,39861,0.368,3.894
228.544,0,0,shard-0-0,1,0.981000,0.890000,0.898861,19832,21604,0.852333,0.842,40587,0.61,1.025
228.544,0,1,shard-0-1,1,0.958000,0.908000,0.905666,20510,21604,0.852333,0.854,40587,0.61,3.239
228.544,0,2,shard-0-2,1,0.981000,0.955000,0.953527,21197,21604,0.852333,0.861,40587,0.61,4.517
228.544,1,0,shard-1-0,0,,,,,18983,0.935,,40587,,
228.544,1,1,shard-1-1,1,0.968000,0.981000,0.980825,19268,18983,0.935,,40587,0.61,5.317
228.544,1,2,shard-1-2,1,0.977000,0.964000,0.970553,19012,18983,0.935,,40587,0.61,5.968
240.148,0,0,shard-0-0,1,0.972000,0.895000,0.901647,20635,22216,0.84,,41691,0.75,0.674
240.148,0,1,shard-0-1,1,0.949000,0.910000,0.908264,21313,22216,0.84,,41691,0.75,1.426
240.148,0,2,shard-0-2,0,,,,,22216,0.84,,41691,,
240.148,1,0,shard-1-0,1,0.965000,0.931000,0.939204,19088,19475,0.908333,0.8985,41691,0.75,2.082
240.148,1,1,shard-1-1,1,0.968000,0.977000,0.978896,19920,19475,0.908333,0.9145,41691,0.75,2.859
240.148,1,2,shard-1-2,1,0.970000,0.964000,0.971297,19801,19475,0.908333,0.912,41691,0.75,3.438
249.349,0,0,shard-0-0,1,0.971000,0.898000,0.904506,21480,22881,0.857,0.85,43257,0.609,0.738
249.349,0,1,shard-0-1,1,0.952000,0.913000,0.910930,22158,22881,0.857,0.858,43257,0.609,1.399
249.349,0,2,shard-0-2,1,0.981000,0.957000,0.954810,22562,22881,0.857,0.863,43257,0.609,2.072
249.349,1,0,shard-1-0,1,0.969000,0.936000,0.941892,19886,20376,0.912667,0.9035,43257,0.609,2.647
249.349,1,1,shard-1-1,1,0.970000,0.979000,0.979829,20719,20376,0.912667,0.919,43257,0.609,3.468
249.349,1,2,shard-1-2,1,0.972000,0.964000,0.972566,20601,20376,0.912667,0.9155,43257,0.609,4.051
259.027,0,0,shard-0-0,1,0.975000,0.904000,0.907751,22288,23686,0.861,0.855,44834,0.506,0.854
259.027,0,1,shard-0-1,1,0.956000,0.914000,0.913958,22966,23686,0.861,0.861,44834,0.506,1.677
259.027,0,2,shard-0-2,1,0.984000,0.959000,0.956346,23369,23686,0.861,0.867,44834,0.506,2.583
259.027,1,0,shard-1-0,1,0.973000,0.939000,0.944014,20638,21148,0.907667,0.903,44834,0.506,3.535
259.027,1,1,shard-1-1,1,0.971000,0.962000,0.962313,21043,21148,0.907667,0.909,44834,0.506,4.57
259.027,1,2,shard-1-2,1,0.976000,0.965000,0.973567,21352,21148,0.907667,0.911,44834,0.506,5.387
269.944,0,0,shard-0-0,0,,,,,24550,0.877,,46470,,
269.944,0,1,shard-0-1,1,0.957000,0.916000,0.916986,23776,24550,0.877,,46470,0.381,0.691
269.944,0,2,shard-0-2,1,0.984000,0.960000,0.957882,24178,24550,0.877,,46470,0.381,1.361
269.944,1,0,shard-1-0,1,0.974000,0.940000,0.945985,21388,21920,0.909,0.904,46470,0.381,1.997
269.944,1,1,shard-1-1,1,0.969000,0.961000,0.961770,21793,21920,0.909,0.9105,46470,0.381,2.727
269.944,1,2,shard-1-2,1,0.974000,0.965000,0.974498,22102,21920,0.909,0.9125,46470,0.381,3.458
278.797,0,0,shard-0-0,1,0.976000,0.894000,0.895464,23084,24977,0.859,0.8495,47294,0.662,0.869
278.797,0,1,shard-0-1,1,0.958000,0.917000,0.918405,24183,24977,0.859,0.861,47294,0.662,1.506
278.797,0,2,shard-0-2,1,0.984000,0.961000,0.958602,24585,24977,0.859,0.8665,47294,0.662,2.306
278.797,1,0,shard-1-0,1,0.975000,0.936000,0.940404,21523,22317,0.904667,0.8975,47294,0.662,2.93
278.797,1,1,shard-1-1,1,0.970000,0.962000,0.962450,22158,22317,0.904667,0.907,47294,0.662,3.665
278.797,1,2,shard-1-2,1,0.975000,0.966000,0.974952,22467,22317,0.904667,0.9095,47294,0.662,4.317
288.792,0,0,shard-0-0,1,0.976000,0.894000,0.896042,23119,25116,0.859,0.8495,47576,0.598,0.82
288.792,0,1,shard-0-1,1,0.958000,0.918000,0.918857,24219,25116,0.859,0.861,47576,0.598,1.474
288.792,0,2,shard-0-2,1,0.984000,0.961000,0.958831,24621,25116,0.859,0.8665,47576,0.598,2.146
288.792,1,0,shard-1-0,1,0.975000,0.931000,0.936643,21577,22460,0.905333,0.898,47576,0.598,2.763
288.792,1,1,shard-1-1,1,0.970000,0.964000,0.962689,22217,22460,0.905333,0.908,47576,0.598,3.671
288.792,1,2,shard-1-2,1,0.975000,0.966000,0.975111,22526,22460,0.905333,0.91,47576,0.598,4.347
298.753,0,0,shard-0-0,1,0.976000,0.894000,0.896042,23119,25116,0.857,0.8475,47576,0.515,0.839
298.753,0,1,shard-0-1,1,0.958000,0.918000,0.918857,24219,25116,0.857,0.86,47576,0.515,2.053
298.753,0,2,shard-0-2,1,0.976000,0.961000,0.958831,24797,25116,0.857,0.8635,47576,0.515,3.234
298.753,1,0,shard-1-0,1,0.975000,0.931000,0.936643,21577,22460,0.905333,0.898,47576,0.515,4.275
298.753,1,1,shard-1-1,1,0.970000,0.964000,0.962689,22217,22460,0.905333,0.908,47576,0.515,5.164
298.753,1,2,shard-1-2,1,0.975000,0.966000,0.975111,22526,22460,0.905333,0.91,47576,0.515,6.075
310.307,0,0,shard-0-0,0,,,,,25116,0.846,,47576,,
310.307,0,1,shard-0-1,1,0.958000,0.918000,0.918857,24219,25116,0.846,,47576,0.567,1.668
310.307,0,2,shard-0-2,1,0.930000,0.961000,0.958831,26005,25116,0.846,,47576,0.567,3.291
310.307,1,0,shard-1-0,1,0.975000,0.931000,0.936643,21577,22460,0.896,,47576,0.567,4.035
310.307,1,1,shard-1-1,1,0.970000,0.964000,0.962689,22217,22460,0.896,,47576,0.567,4.71
310.307,1,2,shard-1-2,0,,,,,22460,0.896,,47576,,
